<?xml version="1.0" encoding="UTF-8"?>

<!--
<!DOCTYPE Configuration [


    A DTD for a real on-line order system wouldn't look
    very much like this, though it would be natural for
    such systems to use valid XML.


    <!ELEMENT Configuration (ProgramTree+)>
    <!ELEMENT ProgramTree (Folder*)>
    <!ELEMENT Folder (#PCDATA)>
    <!ATTLIST Folder 
            title    CDATA    #REQUIRED
    >


]>
-->
<Configuration> 
  <ProgramTree title="Available Data" type="1"> 
    <SystemFolder title="Expression Images" type="1" /> 
	<SystemFolder title="Expression Plots" type="12" /> 	
    <SystemFolder title="Information" type="5" /> 
    <SystemFolder title="Gene Groups" type="30"/>
    <SystemFolder title="Sample Groups" type="40"/>	
    <SystemFolder title="Clustering Results" type="9" /> 
    <SystemFolder title="History" type="6" /> 
    <SystemFolder title="GenBank" type="11"> 
      <Genome title="Yeast"> 
     	<Chromosome title="Chromosome I   " file="./GenBank/Yeast/I.gbs" scan="no" /> 
	<Chromosome title="Chromosome II  " file="./GenBank/Yeast/II.gbs" scan="no" /> 
	<Chromosome title="Chromosome III " file="./GenBank/Yeast/III.gbs" scan="no" /> 
	<Chromosome title="Chromosome IV  " file="./GenBank/Yeast/IV.gbs" scan="no" /> 
	<Chromosome title="Chromosome V   " file="./GenBank/Yeast/V.gbs" scan="no" /> 
	<Chromosome title="Chromosome VI  " file="./GenBank/Yeast/VI.gbs" scan="no" /> 
	<Chromosome title="Chromosome VII " file="./GenBank/Yeast/VII.gbs" scan="no" /> 
	<Chromosome title="Chromosome VIII" file="./GenBank/Yeast/VIII.gbs" scan="no" /> 
	<Chromosome title="Chromosome IX  " file="./GenBank/Yeast/IX.gbs" scan="no" /> 
	<Chromosome title="Chromosome X   " file="./GenBank/Yeast/X.gbs" scan="no" /> 
	<Chromosome title="Chromosome XI  " file="./GenBank/Yeast/XI.gbs" scan="no" /> 
	<Chromosome title="Chromosome XII " file="./GenBank/Yeast/XII.gbs" scan="no" /> 
	<Chromosome title="Chromosome XIII" file="./GenBank/Yeast/XIII.gbs" scan="no" /> 
	<Chromosome title="Chromosome XIV " file="./GenBank/Yeast/XIV.gbs" scan="no" /> 
	<Chromosome title="Chromosome XV  " file="./GenBank/Yeast/XV.gbs" scan="no" /> 
	<Chromosome title="Chromosome XVI " file="./GenBank/Yeast/XVI.gbs" scan="no" /> 
	<Chromosome title="Mitochondrion  " file="./GenBank/Yeast/MT.gbs" scan="no" /> 
      </Genome> 
    </SystemFolder> 
  </ProgramTree> 
  <ProgramTree title="Program information" type="2"> 
    <PropertyPanel title="System Information" type="1" /> 
    <PropertyPanel title="System Log" type="3"/> 
    <SystemFolder title="Plugins" type="13" /> 
  </ProgramTree> 
</Configuration>

